Modelo,MAE_Train,RMSE_Train,R2_Train,MAE_Test,RMSE_Test,R2_Test
Random Forest,18.97798546631111,21.92196136356319,-7.08391456605284e-08,0.2842986666666789,0.2842986666666789,0.0
Gradient Boosting,18.97804536888889,21.921960587096727,-2.220446049250313e-16,0.2901333333333014,0.2901333333333014,0.0
XGBoost,18.978045380147297,21.921960587096752,0.0,0.2901344299316406,0.2901344299316406,0.0
